{
	"_id" : ObjectId("5bf79ceca747f80e0ba423f0"),
	"description" : "5.5 inch display iOS 10, A10 chip 12MP rear and 7MP front",
	"name" : "Apple iPhone 7 Plus 256GB"
},
{
	"_id" : ObjectId("5bf79ceca747f80e0ba423f1"),
	"description" : "5.5 inch display iOS 10, A10 chip 12MP rear and 7MP front",
	"name" : "Samsung Galaxy A5 A500G"
},
{
	"_id" : ObjectId("5bf79ceca747f80e0ba423f2"),
	"description" : "5.5 inch display iOS 10, A10 chip 12MP rear and 7MP front",
	"name" : "HTC One M9 Plus"
},
{
	"_id" : ObjectId("5bf79ceca747f80e0ba423f3"),
	"description" : "5.5 inch display iOS 10, A10 chip 12MP rear and 7MP front",
	"name" : "Samsung Galaxy S7 Edge"
},
{
	"_id" : ObjectId("5bf79ceca747f80e0ba423f4"),
	"description" : "5.5 inch display iOS 10, A10 chip 12MP rear and 7MP front",
	"name" : "Apple iPhone SE 16GB"
},
{
	"_id" : ObjectId("5bf79ceca747f80e0ba423f5"),
	"description" : "5.5 inch display iOS 10, A10 chip 12MP rear and 7MP front",
	"name" : "Vivo V5 Plus"
},
{
	"_id" : ObjectId("5bf79ceca747f80e0ba423f6"),
	"description" : "5.5 inch display iOS 10, A10 chip 12MP rear and 7MP front",
	"name" : "Samsung S8 G950FD"
},
