{
	"__v" : NumberInt("0"),
	"_id" : ObjectId("5bf6565053f71c347f1cef61"),
	"created" : ISODate("2018-11-22T12:40:08.944+05:30"),
	"email" : "kamleshhh@yopmail.com",
	"firstName" : "Kamlesh",
	"fullName" : "Kamlesh Kumawat",
	"lastName" : "Kumawat",
	"password" : "$2b$10$oNBWY3JyNa9DlMqeAo08K.RKIl0XVVMn1fiFrEqo47gETJvUs6A0m",
	"resetToken" : "37mB5DkapW3C0FTVzIvPs1YatwIhahadfKJVQa5F",
	"updated" : ISODate("2018-11-22T12:40:08.944+05:30")
},
{
	"__v" : NumberInt("0"),
	"_id" : ObjectId("5bf6565953f71c347f1cef62"),
	"created" : ISODate("2018-11-22T12:40:17.807+05:30"),
	"email" : "kamlesh@yopmail.com",
	"firstName" : "Kamlesh",
	"fullName" : "Kamlesh Kumawat",
	"lastName" : "Kumawat",
	"password" : "$2b$10$kmtrhH9m9uk2Phy.tLxfKOotkZ0MyopwLMSD6516N/JqzEkJA7ohe",
	"resetToken" : "VTO8iu6Ntg14VumjgDqLVZYo3HRIEiG9r8taMfWV",
	"updated" : ISODate("2018-11-22T12:40:17.807+05:30")
},
{
	"__v" : NumberInt("0"),
	"_id" : ObjectId("5bf6ba5880bcc61013bf5b21"),
	"created" : ISODate("2018-11-22T19:46:56.200+05:30"),
	"email" : "ak@yopmail.com",
	"firstName" : "Ak",
	"fullName" : "Ak akk",
	"lastName" : "akk",
	"password" : "$2b$10$ebQiY/UMltP8gNDWyO599uVqpF3VP9.GkLBWHmHq8qGKfLBpk0fSu",
	"resetToken" : "sVcNXPLVZqDVLt9lOEmpkcMMXEvSCJ4XMgcQhpRk",
	"updated" : ISODate("2018-11-22T19:46:56.200+05:30")
},
{
	"__v" : NumberInt("0"),
	"_id" : ObjectId("5bf6bc3980bcc61013bf5b22"),
	"created" : ISODate("2018-11-22T19:54:57.972+05:30"),
	"email" : "aa@yopmail.com",
	"firstName" : "asdasd",
	"fullName" : "asdasd asdad",
	"lastName" : "asdad",
	"password" : "$2b$10$8T9Q.2QPnK3wWiXhtVdf6uHiWGJKbiak2Mf4O94/kdlb9uhxYMjqO",
	"resetToken" : "wKhncUUmpUtAH7Oqx755Scpf9TNBpUUrxwFwc4TN",
	"updated" : ISODate("2018-11-22T19:54:57.972+05:30")
},
{
	"__v" : NumberInt("0"),
	"_id" : ObjectId("5bf6bc7180bcc61013bf5b23"),
	"created" : ISODate("2018-11-22T19:55:53.042+05:30"),
	"email" : "aaa@yopmail.com",
	"firstName" : "asas",
	"fullName" : "asas asas",
	"lastName" : "asas",
	"password" : "$2b$10$WLlW1d21fSGfLflD/GwPJe.F.6/j7nhUgsBrhwnfrD3ga8ftLuM0a",
	"resetToken" : "UCilLAJ0gQePgOMGeqkuwdspwQhq5PxcHVhxRXuF",
	"updated" : ISODate("2018-11-22T19:55:53.042+05:30")
},
{
	"__v" : NumberInt("0"),
	"_id" : ObjectId("5bf6bd2d80bcc61013bf5b24"),
	"created" : ISODate("2018-11-22T19:59:01.492+05:30"),
	"email" : "dd@yopmail.com",
	"firstName" : "sss",
	"fullName" : "sss ddd",
	"lastName" : "ddd",
	"password" : "$2b$10$8b00xf5UHaUvDZvBHAjTPOVLMWWUT6Nghv3kJtMV1EbGjgrBKchju",
	"resetToken" : "DFtHKdyX3dOWh4nPEgr5bd3I9RUvcZgw5Ekk2IAP",
	"updated" : ISODate("2018-11-22T19:59:01.492+05:30")
},
{
	"__v" : NumberInt("0"),
	"_id" : ObjectId("5bf6bf3480bcc61013bf5b25"),
	"created" : ISODate("2018-11-22T20:07:40.020+05:30"),
	"email" : "aman@yopmail.com",
	"emailVerified" : true,
	"firstName" : "Aman",
	"fullName" : "Aman Babar",
	"lastName" : "Babar",
	"password" : "$2b$10$Kx70WBU69vnuIujcSQtMsudv/XHPK22IijbLAXG2hY8i7uDEUB0aC",
	"products" : [
		"5bf79ceca747f80e0ba423f0",
		"5bf79ceca747f80e0ba423f1",
		"5bf79ceca747f80e0ba423f3",
		"5bf79ceca747f80e0ba423f5"
	],
	"resetToken" : null,
	"updated" : ISODate("2018-11-23T13:29:38.400+05:30")
},
